{
  "id": "3247002",
  "name": "tencent",
  "font_family": "iconfont",
  "css_prefix_text": "icon-",
  "description": "",
  "glyphs": [
    {
      "icon_id": "435934",
      "name": "排行榜",
      "font_class": "paixingbang",
      "unicode": "e7bd",
      "unicode_decimal": 59325
    },
    {
      "icon_id": "444566",
      "name": "分类",
      "font_class": "fenlei",
      "unicode": "e66c",
      "unicode_decimal": 58988
    },
    {
      "icon_id": "2266153",
      "name": "我的账户",
      "font_class": "wodezhanghu",
      "unicode": "e634",
      "unicode_decimal": 58932
    },
    {
      "icon_id": "15085894",
      "name": "我的书架",
      "font_class": "wodeshujia",
      "unicode": "e63e",
      "unicode_decimal": 58942
    },
    {
      "icon_id": "22919692",
      "name": "0_01移动花卡",
      "font_class": "a-0_01yidonghuaka",
      "unicode": "e601",
      "unicode_decimal": 58881
    },
    {
      "icon_id": "24288118",
      "name": "创作中心",
      "font_class": "chuangzuozhongxin",
      "unicode": "e70e",
      "unicode_decimal": 59150
    },
    {
      "icon_id": "136905",
      "name": "电影票iocn",
      "font_class": "dianyingpiaoiocn",
      "unicode": "e60e",
      "unicode_decimal": 58894
    },
    {
      "icon_id": "551449",
      "name": "知识",
      "font_class": "zhishi",
      "unicode": "e615",
      "unicode_decimal": 58901
    },
    {
      "icon_id": "579598",
      "name": "红包",
      "font_class": "hongbao",
      "unicode": "e784",
      "unicode_decimal": 59268
    },
    {
      "icon_id": "947481",
      "name": "商城",
      "font_class": "shangcheng",
      "unicode": "e647",
      "unicode_decimal": 58951
    },
    {
      "icon_id": "1504340",
      "name": "上传",
      "font_class": "shangchuan",
      "unicode": "e658",
      "unicode_decimal": 58968
    },
    {
      "icon_id": "1873460",
      "name": "电话卡",
      "font_class": "dianhuaqia",
      "unicode": "e77c",
      "unicode_decimal": 59260
    },
    {
      "icon_id": "3043329",
      "name": "漫画",
      "font_class": "manhua",
      "unicode": "e640",
      "unicode_decimal": 58944
    },
    {
      "icon_id": "4169907",
      "name": "小说",
      "font_class": "xiaoshuo",
      "unicode": "e61b",
      "unicode_decimal": 58907
    },
    {
      "icon_id": "5871842",
      "name": "电话卡",
      "font_class": "dianhuaqia1",
      "unicode": "e6a1",
      "unicode_decimal": 59041
    },
    {
      "icon_id": "8633046",
      "name": "个性装扮",
      "font_class": "gexingzhuangban",
      "unicode": "e653",
      "unicode_decimal": 58963
    },
    {
      "icon_id": "8763646",
      "name": "爱心",
      "font_class": "aixin",
      "unicode": "e6c8",
      "unicode_decimal": 59080
    },
    {
      "icon_id": "10582834",
      "name": "我的作品",
      "font_class": "wodezuopin",
      "unicode": "e681",
      "unicode_decimal": 59009
    },
    {
      "icon_id": "10989178",
      "name": "腾讯王卡",
      "font_class": "tengxunwangka",
      "unicode": "e628",
      "unicode_decimal": 58920
    },
    {
      "icon_id": "11372658",
      "name": "订单",
      "font_class": "dingdan",
      "unicode": "e8ae",
      "unicode_decimal": 59566
    },
    {
      "icon_id": "11372673",
      "name": "话题",
      "font_class": "huati",
      "unicode": "e8b1",
      "unicode_decimal": 59569
    },
    {
      "icon_id": "11372701",
      "name": "收藏",
      "font_class": "shoucang",
      "unicode": "e8b9",
      "unicode_decimal": 59577
    },
    {
      "icon_id": "16372327",
      "name": "投屏",
      "font_class": "touping",
      "unicode": "e663",
      "unicode_decimal": 58979
    },
    {
      "icon_id": "22272771",
      "name": "5g",
      "font_class": "5g",
      "unicode": "e63f",
      "unicode_decimal": 58943
    },
    {
      "icon_id": "5383645",
      "name": "导航",
      "font_class": "daohang",
      "unicode": "e77d",
      "unicode_decimal": 59261
    },
    {
      "icon_id": "9810108",
      "name": "分享",
      "font_class": "fenxiang_2",
      "unicode": "e600",
      "unicode_decimal": 58880
    },
    {
      "icon_id": "5387527",
      "name": "加号",
      "font_class": "jiahao",
      "unicode": "eaf3",
      "unicode_decimal": 60147
    },
    {
      "icon_id": "383679",
      "name": "空心",
      "font_class": "kongxin",
      "unicode": "e62e",
      "unicode_decimal": 58926
    },
    {
      "icon_id": "1170172",
      "name": "评论",
      "font_class": "pinglun",
      "unicode": "e662",
      "unicode_decimal": 58978
    },
    {
      "icon_id": "5387806",
      "name": "播放_o",
      "font_class": "bofang_o",
      "unicode": "eb5e",
      "unicode_decimal": 60254
    },
    {
      "icon_id": "5967833",
      "name": "qq2",
      "font_class": "qq",
      "unicode": "e680",
      "unicode_decimal": 59008
    },
    {
      "icon_id": "9974429",
      "name": "省略号",
      "font_class": "shenglvehao",
      "unicode": "e708",
      "unicode_decimal": 59144
    },
    {
      "icon_id": "629339",
      "name": "时间",
      "font_class": "shijian",
      "unicode": "e64d",
      "unicode_decimal": 58957
    },
    {
      "icon_id": "4608883",
      "name": "游戏",
      "font_class": "youxi",
      "unicode": "e602",
      "unicode_decimal": 58882
    },
    {
      "icon_id": "7738372",
      "name": "搜索",
      "font_class": "sousuo",
      "unicode": "e60a",
      "unicode_decimal": 58890
    },
    {
      "icon_id": "17510761",
      "name": "vip-line",
      "font_class": "vip-line",
      "unicode": "e790",
      "unicode_decimal": 59280
    },
    {
      "icon_id": "19657563",
      "name": "下载",
      "font_class": "xiazai",
      "unicode": "e616",
      "unicode_decimal": 58902
    },
    {
      "icon_id": "27919351",
      "name": "频道管理-侧边栏-自定义菜单",
      "font_class": "pindaoguanli-cebianlan-zidingyicaidan",
      "unicode": "e775",
      "unicode_decimal": 59253
    },
    {
      "icon_id": "1546604",
      "name": "消息",
      "font_class": "xiaoxi",
      "unicode": "e69a",
      "unicode_decimal": 59034
    },
    {
      "icon_id": "5532898",
      "name": "圈子",
      "font_class": "quanzi",
      "unicode": "e632",
      "unicode_decimal": 58930
    },
    {
      "icon_id": "6129220",
      "name": "179会员、vip",
      "font_class": "huiyuanvip",
      "unicode": "e7ad",
      "unicode_decimal": 59309
    },
    {
      "icon_id": "11520233",
      "name": "笑脸",
      "font_class": "xiaolian",
      "unicode": "e75a",
      "unicode_decimal": 59226
    },
    {
      "icon_id": "11594401",
      "name": "首页",
      "font_class": "shouye",
      "unicode": "e6b3",
      "unicode_decimal": 59059
    }
  ]
}
